{
    "risks": [
        {
            "rank": "1",
            "vectors": [{
                "label": "exploitability",
                "severity": 3,
                "description": "Almost any source of data can be an injection vector, environment variables, parameters, external and internal web services, and all types of users. Injection flaws occur when an attacker can send hostile data to an interpreter."
            }],
            "weaknesses": [{
                "label": "prevelance",
                "severity": 2,
                "description": "Injection flaws are very prevalent, particularly in legacy code. Injection vulnerabilities are often found in SQL, LDAP, XPath, or NoSQL queries, OS commands, XML parsers, SMTP headers, expression languages, and ORM queries."
            },
            {
                "label": "detectability",
                "severity": 3,
                "description": "Injection flaws are easy to discover when examining code. Scanners and fuzzers can help attackers find injection flaws."
            }],
            "impacts": [{
                "label": "technical",
                "severity": 3,
                "description": "Injection can result in data loss, corruption, or disclosure to unauthorized parties, loss of accountability, or denial of access. Injection can sometimes lead to complete host takeover."
            }]
        },
        {
            "rank": "2",
            "vectors": [{
                "label": "exploitability",
                "severity": 3,
                "description": "Attackers have access to hundreds of millions of valid username and password combinations for credential stuffing, default administrative account lists, automated brute force, and dictionary attack tools. Session management attacks are well understood, particularly in relation to unexpired session tokens."
            }],
            "weaknesses": [{
                "label": "prevelance",
                "severity": 2,
                "description": "The prevalence of broken authentication is widespread due to the design and implementation of most identity and access controls. Session management is the bedrock of authentication and access controls, and is present in all stateful applications."
            },
            {
                "label": "detectability",
                "severity": 2,
                "description": "Attackers can detect broken authentication using manual means and exploit them using automated tools with password lists and dictionary attacks."
            }],
            "impacts": [{
                "label": "technical",
                "severity": 3,
                "description": "Attackers have to gain access to only a few accounts, or just one admin account to compromise the system. Depending on the domain of the application, this may allow money laundering, social security fraud, and identity theft, or disclose legally protected highly sensitive information."
            }]
        },
        {
            "rank": "3",
            "vectors": [{
                "label": "exploitability",
                "severity": 2,
                "description": "Rather than directly attacking crypto, attackers steal keys, execute man-in- the-middle attacks, or steal clear text data off the server, while in transit, or from the user’s client, e.g. browser. A manual attack is generally required. Previously retrieved password databases could be brute forced by Graphics Processing Units (GPUs)."
            }],
            "weaknesses": [{
                "label": "prevelance",
                "severity": 3,
                "description": "Over the last few years, this has been the most common impactful attack. The most common flaw is simply not encrypting sensitive data."
            },
            {
                "label": "detectability",
                "severity": 2,
                "description": "When crypto is employed, weak key generation and management, and weak algorithm, protocol and cipher usage is common, particularly for weak password hashing storage techniques. For data in transit, server side weaknesses are mainly easy to detect, but hard for data at rest."
            }],
            "impacts": [{
                "label": "technical",
                "severity": 3,
                "description": "Failure frequently compromises all data that should have been protected. Typically, this information includes sensitive personal information (PII) data such as health records, credentials, personal data, and credit cards, which often require protection as defined by laws or regulations such as the EU GDPR or local privacy laws."
            }]
        },
        {
            "rank": "4",
            "vectors": [{
                "label": "exploitability",
                "severity": 2,
                "description": "Attackers can exploit vulnerable XML processors if they can upload XML or include hostile content in an XML document, exploiting vulnerable code, dependencies or integrations."
            }],
            "weaknesses": [{
                "label": "prevelance",
                "severity": 2,
                "description": "By default, many older XML processors allow specification of an external entity, a URI that is dereferenced and evaluated during XML processing."
            },
            {
                "label": "detectability",
                "severity": 3,
                "description": "SAST tools can discover this issue by inspecting dependencies and configuration. DAST tools require additional manual steps to detect and exploit this issue. Manual testers need to be trained in how to test for XXE, as it not commonly tested as of 2017."
            }],
            "impacts": [{
                "label": "technical",
                "severity": 3,
                "description": "These flaws can be used to extract data, execute a remote request from the server, scan internal systems, perform a denial-of-service attack, as well as execute other attacks."
            }]
        },
        {
            "rank": "5",
            "vectors": [{
                "label": "exploitability",
                "severity": 2,
                "description": "Exploitation of access control is a core skill of attackers. SAST and DAST tools can detect the absence of access control but cannot verify if it is functional when it is present. Access control is detectable using manual means, or possibly through automation for the absence of access controls in certain frameworks."
            }],
            "weaknesses": [{
                "label": "prevelance",
                "severity": 2,
                "description": "Access control weaknesses are common due to the lack of automated detection, and lack of effective functional testing by application developers."
            },
            {
                "label": "detectability",
                "severity": 2,
                "description": "Access control detection is not typically amenable to automated static or dynamic testing. Manual testing is the best way to detect missing or ineffective access control, including HTTP method (GET vs PUT, etc), controller, direct object references, etc."
            }],
            "impacts": [{
                "label": "technical",
                "severity": 3,
                "description": "The technical impact is attackers acting as users or administrators, or users using privileged functions, or creating, accessing, updating or deleting every record."
            }]
        },
        {
            "rank": "6",
            "vectors": [{
                "label": "exploitability",
                "severity": 3,
                "description": "Attackers will often attempt to exploit unpatched flaws or access default accounts, unused pages, unprotected files and directories, etc., to gain unauthorized."
            }],
            "weaknesses": [{
                "label": "prevelance",
                "severity": 3,
                "description": "Security misconfiguration can happen at any level of an application stack, including the network services, platform, web server, application server, database, frameworks, custom code, and pre-installed virtual machines, containers, or storage."
            },
            {
                "label": "detectability",
                "severity": 3,
                "description": "Automated scanners are useful for detecting misconfigurations, use of default accounts or configurations, unnecessary services, legacy options, etc."
            }],
            "impacts": [{
                "label": "technical",
                "severity": 2,
                "description": "Such flaws frequently give attackers unauthorized access to some system data or functionality. Occasionally, such flaws result in a complete system compromise."
            }]
        },
        {
            "rank": "7",
            "vectors": [{
                "label": "exploitability",
                "severity": 3,
                "description": "Automated tools can detect and exploit all three forms of XSS, and there are freely available exploitation frameworks."
            }],
            "weaknesses": [{
                "label": "prevelance",
                "severity": 3,
                "description": "XSS is the second most prevalent issue in the OWASP Top 10, and is found in around two-thirds of all applications."
            },
            {
                "label": "detectability",
                "severity": 3,
                "description": "Automated tools can find some XSS problems automatically, particularly in mature technologies such as PHP, J2EE / JSP, and ASP.NET."
            }],
            "impacts": [{
                "label": "technical",
                "severity": 2,
                "description": "The impact of XSS is moderate for reflected and DOM XSS, and severe for stored XSS, with remote code execution on the victim's browser, such as stealing credentials, sessions, or delivering malware to the victim."
            }]
        },
        {
            "rank": "8",
            "vectors": [{
                "label": "exploitability",
                "severity": 1,
                "description": "Exploitation of deserialization is somewhat difficult, as off the shelf exploits rarely work without changes or tweaks to the underlying exploit code."
            }],
            "weaknesses": [{
                "label": "prevelance",
                "severity": 2,
                "description": "This issue is included in the Top 10 based on an industry survey and not on quantifiable data."
            },
            {
                "label": "detectability",
                "severity": 2,
                "description": "Some tools can discover deserialization flaws, but human assistance is frequently needed to validate the problem. It is expected that prevalence data for deserialization flaws will increase as tooling is developed to help identify and address."
            }],
            "impacts": [{
                "label": "technical",
                "severity": 3,
                "description": "The impact of deserialization flaws cannot be understated. These flaws can lead to remote code execution attacks, one of the most serious attacks possible."
            }]
        },
        {
            "rank": "9",
            "vectors": [{
                "label": "exploitability",
                "severity": 2,
                "description": "While it is easy to find already-written exploits for many known vulnerabilities, other vulnerabilities require concentrated effort to develop a custom exploit."
            }],
            "weaknesses": [{
                "label": "prevelance",
                "severity": 3,
                "description": "Prevalence of this issue is very widespread. Component-heavy development patterns can lead to development teams not even understanding which components they use in their application or API, much less keeping them up to date."
            },
            {
                "label": "detectability",
                "severity": 2,
                "description": "Some scanners such as retire.js help in detection, but determining exploitability requires additional effort."
            }],
            "impacts": [{
                "label": "technical",
                "severity": 2,
                "description": "While some known vulnerabilities lead to only minor impacts, some of the largest breaches to date have relied on exploiting known vulnerabilities in components. Depending on the assets you are protecting, perhaps this risk should be at the top of the list."
            }]
        },
        {
            "rank": "10",
            "vectors": [{
                "label": "exploitability",
                "severity": 2,
                "description": "Exploitation of insufficient logging and monitoring is the bedrock of nearly every major incident. Attackers rely on the lack of monitoring and timely response to achieve their goals without being detected."
            }],
            "weaknesses": [{
                "label": "prevelance",
                "severity": 3,
                "description": "This issue is included in the Top 10 based on an industry survey."
            },
            {
                "label": "detectability",
                "severity": 1,
                "description": "One strategy for determining if you have sufficient monitoring is to examine the logs following penetration testing. The testers’ actions should be recorded sufficiently to understand what damages they may have inflicted."
            }],
            "impacts": [{
                "label": "technical",
                "severity": 2,
                "description": "Most successful attacks start with vulnerability probing. Allowing such probes to continue can raise the likelihood of successful exploit to nearly 100%. In 2016, identifying a breach took an average of 191 days – plenty of time for damage to be inflicted."
            }]
        }
    ]
}
